epoch,train_loss,val_loss,acc_A_taskA,acc_A_taskB,acc_B_taskA,acc_B_taskB
1,,,0.36720822391838864,,0.36505305150459555,
2,,,0.4156167116658441,,0.4055039790169946,
3,,,0.4200928385915427,,0.37798408598735417,
4,,,0.43567639281009807,,0.466843502274875,
5,,,0.44694960322873345,,0.4323607436541853,
