epoch,train_loss,val_loss,acc_A_taskA,acc_A_taskB,acc_B_taskA,acc_B_taskB
1,9.59529732135327,3.4777503874602504,0.5488505748839214,0.559322033898305,0.5531609197115076,0.5720338983050848
