epoch,train_loss_A,train_loss_B,val_loss_A,val_loss_B,acc_A_taskA,acc_B_taskA,acc_A_taskB,acc_B_taskB
1,3.0831636957548283,3.079835287950657,2.2038394610087075,2.4122200674480863,0.2951388888888889,0.2673611111111111,,
