epoch,train_loss,val_loss,acc_A_taskA,acc_A_taskB,acc_B_taskA,acc_B_taskB
1,7.079180615919608,2.67270371152295,0.5486111111111112,0.6666666666666666,0.5104166666666666,0.6319444444444444
2,4.872639224209167,2.493473716908031,0.5590277777777778,0.6493055555555556,0.5694444444444444,0.6631944444444444
