epoch,train_loss_A,train_loss_B,val_loss_A,val_loss_B,acc_A_taskA,acc_B_taskA,acc_A_taskB,acc_B_taskB
1,2.667159591032111,2.7074543014816617,2.0081549406051638,1.9890306790669758,0.3827380975087484,0.34821428656578063,,
