epoch,train_loss,val_loss,acc_A_taskA,acc_A_taskB,acc_B_taskA,acc_B_taskB
1,10.325729721122318,4.0577009287145405,0.4583333333333333,0.6388888888888888,0.4201388888888889,0.65625
